,angleRotated,color,length,logWidthLengthRatio,x,y,centerX,centerY,width,lengthRotatedProjectX,widthRotatedProjectX,lengthRotatedProjectY,widthRotatedProjectY,vertexRightBottom,vertexRightTop,vertexLeftBottom,vertexLeftTop
0,1.1390113775361785,0.6550249586807816,19.939594898154645,-0.6546111504058122,513.5446786840714,31.78203078786769,510,30,10.361492579984466,8.344572816655994,9.410516954869367,18.10954304255192,4.336207920198168,"(522, 38)","(513, 43)","(514, 20)","(504, 24)"
1,1.2446377454140236,0.5451374663619718,13.253464421471927,-0.5699341211384366,515.6603652324526,87.27545185053701,510,90,7.495665070857821,4.246496171918813,7.1004946971627225,12.554743702405917,2.4016598239638407,"(521, 92)","(514, 94)","(517, 79)","(509, 82)"
2,0.9326220534351735,0.5156906887810597,13.963376369571792,-0.578114603047921,510.44586211686226,139.18418943231083,510,150,7.83282569373794,8.31840275304054,6.2912060377556225,11.215170764483412,4.666249558155718,"(517, 142)","(511, 147)","(509, 131)","(503, 135)"
3,1.1385354804261536,0.5954370697125846,18.435889246908726,-0.5545231943569795,510.32122761478234,207.94992213011847,510,210,10.588580118460209,7.72325061072484,9.614652542135763,16.74017360508018,4.435818461011802,"(518, 214)","(509, 218)","(511, 197)","(501, 201)"
4,0.7415059963195714,0.6388333565596953,25.78736485016794,-0.7324548158870309,514.9175014228612,272.5265920596958,510,270,12.396693968160296,19.016950141820164,8.372718149342425,17.416767588137674,9.14196981683345,"(528, 276)","(520, 285)","(509, 259)","(501, 268)"
5,1.2182400782317866,0.5580511923997881,27.102374546199876,-0.5915996605948576,515.302900889995,334.04622571899756,510,330,14.999572265814095,9.358394497543445,14.076995264228017,25.435391848187663,5.1793216243328,"(527, 344)","(512, 349)","(517, 318)","(503, 323)"
6,0.8622223971260776,0.5405158294115496,18.64670805120096,-0.49900518911908764,510.61903224293974,390.1413683509258,510,390,11.321056846220468,12.134375680960144,8.595972785185346,14.15827136270688,7.3671962096654,"(520, 393)","(512, 400)","(508, 379)","(500, 386)"
7,0.7211833537662453,0.5336658596770142,17.489236100755043,-0.4806902828876302,515.6588586634847,448.02882754702875,510,450,10.814581137112432,13.134852101482345,7.140585255781052,11.54768546766573,8.122019907394359,"(525, 449)","(518, 457)","(512, 438)","(505, 446)"
8,1.2474684625817016,0.6090715397203614,16.909241481889328,-0.6158813178402539,512.1986872882037,505.4842312386897,510,510,9.133774147425093,5.372467435780816,8.660492377260825,16.033060878831638,2.9020168778933977,"(519, 512)","(510, 514)","(513, 496)","(505, 498)"
9,0.9422026301017725,0.6254186324638212,19.93693443578701,-0.4963890790512763,512.0600201749053,571.3907471479218,510,570,12.136105488853621,11.723073833304877,9.816352338807581,16.1260935937924,7.136125222904229,"(522, 575)","(513, 583)","(511, 559)","(501, 566)"
10,0.7532864168646222,0.628002874244244,9.280530977086045,-0.6805088227767556,515.1588086001947,633.227639595615,510,630,4.699282980525283,6.76963480705007,3.2144961639380893,6.348251711757325,3.4278674045362227,"(520, 634)","(516, 638)","(513, 628)","(510, 631)"
11,0.9836061652758251,0.49267687055167736,14.649671868737679,-0.6374515048107368,513.7140567371018,691.057947297646,510,690,7.744372358971061,8.116270109223755,6.447195266156879,12.195861813574517,4.290568311359151,"(520, 695)","(514, 699)","(512, 682)","(506, 687)"
12,0.9458361826699998,0.5806615704473949,21.2131919504535,-0.46802657258691927,512.5236528561966,751.7248902627565,510,750,13.284483199220974,12.411095105459701,10.77353571605219,17.20361098752292,7.772285509766876,"(524, 756)","(513, 764)","(511, 739)","(500, 747)"
13,1.1449666758230257,0.5923426063486193,23.21735129451049,-0.79719620364305,512.2075706873234,807.7471894234133,510,810,10.461519294363042,9.590541838728921,9.527267302008942,21.143956781366583,4.321407606602438,"(521, 816)","(512, 820)","(512, 795)","(502, 799)"
14,1.1889326946209262,0.5996024488436318,14.02525747947796,-0.6694477769662817,504.3771691065585,865.5391086032133,510,870,7.180808871279864,5.226519402797965,6.663587875028853,13.01504292339556,2.6759321137913905,"(510, 870)","(503, 873)","(505, 857)","(498, 860)"
15,1.0276618311565053,0.6356082268905315,16.662974329199642,-0.7847369715889261,517.2111847814596,927.1321068412261,510,930,7.602310242524033,8.611790813370861,6.508283924564117,14.265054240426409,3.929040771084733,"(524, 932)","(518, 936)","(516, 918)","(509, 921)"
16,1.2393868848600493,0.5550901875163867,22.218538918037968,-0.6642009806129369,568.6096794422753,30.679084289687122,570,30,11.435539958559746,7.229381492957788,10.813271440116385,21.009510105703256,3.720851368461249,"(577, 39)","(566, 43)","(570, 18)","(559, 22)"
17,0.8758092751567801,0.5132081548005909,10.385904167749224,-0.4662551327285124,573.9293950308996,84.05261886691551,570,90,6.515567969970265,6.650878516630808,5.004360124908397,7.977018261148053,4.172410060328353,"(579, 85)","(574, 90)","(573, 77)","(568, 82)"
18,0.9741837059048589,0.4297664564742204,19.194028278041298,-0.5144869477114552,567.9493253533439,133.27586081580597,570,150,11.474328729969985,10.784040308504391,9.492064252138015,15.87813578990939,6.446777182181667,"(578, 137)","(568, 144)","(567, 122)","(557, 128)"
19,1.1080368470332553,0.6157646835088716,24.801749124234373,-0.5002903168674312,568.5156660346919,204.4727701202292,570,210,15.03865464942146,11.071973339141342,13.45694943386827,22.19320089574291,6.713541956290894,"(580, 212)","(567, 218)","(569, 190)","(556, 196)"
20,0.8074049076747882,0.7251065431603978,13.192643924560693,-0.7377781516978638,578.1141043152944,272.1998535894791,570,270,6.308394735538179,9.12107344423329,4.5577863382378645,9.531624884832095,4.361470833828663,"(584, 274)","(580, 279)","(575, 265)","(571, 269)"
21,0.783151071139003,0.5095116782124559,21.344077516163917,-0.8371109580833368,561.6505765091986,336.7069643251172,570,330,9.24112233771144,15.126418151182445,6.519760250417832,15.0585895399135,6.549127295878509,"(572, 340)","(565, 347)","(557, 325)","(550, 332)"
22,0.8739729917222309,0.5818767708513666,21.3932689808996,-0.5257262807182927,568.7906089676732,383.9447445295576,570,390,12.646115061345709,13.729874715425316,9.698113274049277,16.406172557542043,8.116084343358192,"(580, 388)","(570, 396)","(566, 371)","(557, 379)"
23,1.3364907235928805,0.6122730938487225,14.297691587043202,-0.7358434277296226,578.9146682715773,455.94015918637825,570,450,6.850041214873756,3.319461007028827,6.662869265803239,13.907018492150685,1.5903577560674025,"(583, 462)","(577, 463)","(580, 448)","(573, 449)"
24,1.0264026356680722,0.6367658516056582,25.62379007722465,-0.8104425768842325,568.6689201892979,507.5477211254793,570,510,11.393905907629605,13.270548683666672,9.746819448584118,21.919652268138503,5.900898445882563,"(580, 515)","(570, 521)","(566, 493)","(557, 499)"
25,1.264235771551958,0.600681679918165,23.00892217127931,-0.6433619258310503,562.9090588738626,565.5585164185364,570,570,12.091710502237989,6.943663360457046,11.527960705248626,21.936181040022323,3.6490525959728313,"(572, 574)","(560, 578)","(565, 552)","(553, 556)"
26,1.1813250359760734,0.5876680162018437,26.623561428574774,-0.6499695914597788,568.3904549155686,634.4096477529504,570,630,13.89914045227037,10.108949078180064,12.858232985433123,24.629721307311964,5.277494652224498,"(579, 644)","(567, 649)","(569, 619)","(556, 624)"
27,1.1562156815387354,0.5999535054380255,17.000723553787076,-0.637632528527403,568.2764563924359,691.3038827528591,570,690,8.985600724610556,6.847995773672807,8.224388431330526,15.560512691940778,3.619455112681792,"(575, 697)","(567, 700)","(568, 681)","(560, 685)"
28,0.8677961698900385,0.6301996950813424,21.33668875202455,-0.6317588667785242,571.1751791979354,751.1884478745523,570,750,11.343775742753152,13.79437050628783,8.654234507536094,16.277887738770882,7.3338580017918495,"(582, 755)","(573, 762)","(568, 739)","(559, 746)"
29,1.1854762077748133,0.48751345439016397,20.136244770963813,-0.6484764013086385,571.1439080802559,812.175199237397,570,810,10.528069882523772,7.568324453948431,9.75613244356513,18.659818285179888,3.9570361629532775,"(579, 819)","(570, 823)","(572, 800)","(562, 804)"
30,1.0110387896308182,0.6279742733379619,15.711207514301366,-0.7056153664007452,573.2460797058837,870.9195133542522,570,870,7.75826669884403,8.342348818984332,6.574230129736529,13.313423967553593,4.11949030483829,"(580, 875)","(574, 879)","(572, 862)","(565, 866)"
31,0.8447912403715425,0.6126651226611327,25.15323035240126,-0.6765538036452847,567.9463182712084,927.1497247929436,570,930,12.787044732312474,16.69891305729011,9.5625680847602,18.810404032503552,8.48915806252221,"(581, 932)","(571, 940)","(564, 913)","(554, 921)"
32,1.2078005032646673,0.5243517950817621,14.23391555377557,-0.6962779342217749,629.2614499953439,22.449678853687875,630,30,7.0947111777486205,5.054127919545592,6.632400457258786,13.306394814707845,2.519164716771149,"(635, 27)","(628, 30)","(630, 14)","(623, 17)"
33,1.0368868334471608,0.5498366876583565,18.593292793625007,-0.740621096671803,631.2183852117907,88.78837691260807,630,90,8.865610615590791,9.46217519024631,7.6317313029819935,16.005554585160578,4.511732362004742,"(639, 94)","(632, 99)","(630, 78)","(622, 83)"
34,0.5656073918177644,0.4137358400719884,14.849581517983024,-0.5371541897953998,623.9660661181797,149.4417122699765,630,150,8.678229163604083,12.536955767339492,4.650912190421427,7.958317117770317,7.32670984910811,"(632, 149)","(627, 157)","(620, 141)","(615, 149)"
35,1.1088204430062942,0.5707857198291584,14.877877688758524,-0.6805459329300139,631.070254745187,217.71746026478584,630,210,7.53327186345804,6.631333942135474,6.743585785548206,13.318282722240907,3.3577128706488226,"(637, 222)","(631, 226)","(631, 209)","(624, 212)"
36,0.7783140517558236,0.48802178192644285,19.59251831954425,-0.6795235334291252,632.1946406522001,269.1245211160526,630,270,9.930633191609529,13.95179741664487,6.972097529386663,13.755512456705443,7.071586217180503,"(642, 272)","(635, 279)","(628, 258)","(621, 265)"
37,0.8774081296820962,0.47566694490712663,22.9735692937808,-0.49344365455461064,617.9676050180858,328.7521873702022,630,330,14.025831539324878,14.6834800148991,10.787054949197572,17.668624755430365,8.964563340872363,"(630, 333)","(619, 342)","(616, 315)","(605, 324)"
38,1.1133795898918606,0.6105223256493354,16.23568025447852,-0.5197263033064158,632.6814503641484,389.46100146570285,630,390,9.655087725550441,7.170194138411384,8.662509381550853,14.566592921584467,4.2639946297595435,"(640, 394)","(631, 398)","(633, 380)","(624, 384)"
39,1.0344867594775127,0.6116906435437841,19.45739129641496,-0.7422412179682477,629.5948956058309,449.251614313076,630,450,9.2626093400706,9.94208839216643,7.96214103240308,16.725577851427264,4.732889388828597,"(638, 455)","(630, 459)","(628, 438)","(620, 443)"
40,1.1101477694375184,0.570380680415591,16.19744111781349,-0.39915364981226426,625.2195531065697,506.1058643151315,630,510,10.866662586828317,7.2002348132063565,9.733969310433325,14.509090853658831,4.83054833735431,"(633, 510)","(623, 515)","(626, 496)","(616, 501)"
41,1.1745328065986667,0.6225377336373784,19.586127412037374,-0.5798704348864981,628.4634131165919,574.2784719249861,630,570,10.967661679618198,7.559738020373747,10.117773351321953,18.068390854303473,4.233233413106915,"(637, 581)","(627, 585)","(629, 563)","(619, 567)"
42,0.6782468472298495,0.48929345825289483,18.041893663817017,-0.6989398071012819,633.6699278955015,633.5889273739224,630,630,8.968842910833507,14.048751584707865,5.6273108349853525,11.320004677015328,6.983803829265605,"(643, 635)","(637, 642)","(629, 624)","(623, 631)"
43,0.8858277176966928,0.541054996364929,21.408216026998854,-0.9412154854862579,623.0114658468398,687.5766233288371,630,690,8.352486586790558,13.543880070750031,6.468490582060381,16.579355418344548,5.284189793365899,"(633, 693)","(626, 698)","(619, 676)","(613, 681)"
44,0.8266542019389537,0.5267212226906218,25.71285874780988,-0.7761063007398858,624.0976406597947,754.4783840144325,630,750,11.83291324090478,17.416372105023903,8.705110373524322,18.916159432722285,8.014916665289721,"(637, 759)","(628, 767)","(619, 741)","(611, 749)"
45,1.0523515556334841,0.6714328253314307,18.898298393338834,-0.6990128349713152,624.2528797874354,812.0892081889954,630,810,9.39388598888782,9.364671536225169,8.159443812059257,16.414889862021226,4.654951197388734,"(633, 817)","(624, 822)","(623, 801)","(615, 806)"
46,0.6992196346978814,0.5736889842072285,18.09517927414649,-0.5588914092741619,625.6329543505327,866.0600402654287,630,870,10.347595305441345,13.849049181716225,6.659925859546266,11.646430771953517,7.9194770124383025,"(635, 867)","(629, 875)","(622, 856)","(615, 864)"
47,0.8615582915336761,0.47325811564072723,13.387898114625093,-0.4466161750762045,634.3321400739799,927.9493602622553,630,930,8.565435680653563,8.718945451439945,6.499952217565991,10.159518007385826,5.578289125598647,"(641, 930)","(635, 935)","(633, 920)","(626, 925)"
48,0.5062105408540344,0.55558465525007,15.920306095164843,-0.6674714425025701,690.6224126136366,22.763988347424824,690,30,8.167182293034491,13.923711288483823,3.959993256898987,7.7192234142231575,7.142920972051328,"(699, 23)","(695, 30)","(685, 15)","(681, 22)"
49,1.107780741368497,0.541334537522784,26.792338558892027,-0.7854185894523669,683.5932648685289,83.02953603125762,690,90,12.215399166051428,11.966749982596768,10.929235657527078,23.97136417286911,5.455986137098277,"(695, 92)","(684, 97)","(683, 68)","(672, 73)"
50,1.0419309766730152,0.5357831786868034,19.011828177957103,-0.459140930482919,690.8496890414701,148.22818732781457,690,150,12.012171058697815,9.592494563983346,10.371069670103429,16.414434462024992,6.060789341437149,"(700, 153)","(690, 159)","(691, 136)","(680, 143)"
51,0.8964826414279522,0.5324710416867505,22.20406093805686,-0.6814618359469692,691.4119492235428,205.37983905747308,690,210,11.232522458036062,13.863357662450394,8.774123657308817,17.344383427032522,7.013152986819713,"(702, 210)","(693, 217)","(688, 193)","(680, 200)"
52,1.1446324195821422,0.5939146473753565,18.030800431035228,-0.6976704653826857,687.5265894218595,271.1332629446884,690,270,8.974713081671235,7.453587910829698,8.171998704466903,16.41809341669591,3.709974672758839,"(695, 277)","(687, 281)","(687, 261)","(679, 264)"
53,0.7390059742445384,0.5403392946886239,16.99980850981524,-0.6316845167891086,688.4626110432547,325.79031430839626,690,330,9.038719924225193,12.565212168924575,6.0880616380179005,11.450280892637368,6.680865464913978,"(697, 328)","(691, 334)","(685, 316)","(679, 323)"
54,0.9699635528091807,0.47300335269490307,25.09447943841829,-0.6318441834300906,688.3178871177016,393.8231831565576,690,390,13.340488991153997,14.186651911505844,11.004103908612173,20.699560522556173,7.541773245833324,"(700, 400)","(689, 407)","(686, 379)","(675, 387)"
55,1.3484689363363964,0.5570501080173998,19.40991918040772,-0.48067774941124924,677.3576986658446,442.3716935202697,690,450,12.00239824954928,4.279893475768833,11.706982035036134,18.932180921014645,2.646532707548666,"(685, 450)","(673, 453)","(681, 431)","(669, 434)"
56,1.2556710168135794,0.5726577021383041,21.459004033243325,-0.8946141519413189,688.1578371346832,511.50877895051565,690,510,8.771695996243846,6.650909570942952,8.339756180286185,20.40231006474249,2.7186609762709786,"(695, 520)","(687, 523)","(689, 499)","(680, 502)"
57,1.0392295156218287,0.6766778650527343,20.795090720100184,-0.6689429870581315,696.2211450945806,564.4677862562747,690,570,10.652279946414208,10.540710740334035,9.182413769312179,17.925658011515324,5.399476402941711,"(706, 570)","(696, 576)","(695, 552)","(686, 558)"
58,1.009651673445322,0.684452299789441,19.671982629565488,-0.6713614974481565,685.3948375944581,631.795864749441,690,630,10.052626307169625,10.46855696115141,8.511021200813751,16.65521587158373,5.349562018604671,"(694, 637)","(686, 642)","(684, 620)","(675, 626)"
59,0.9410440087541093,0.6295886442822282,16.219993737719516,-0.6470340447102112,686.7101861068013,681.3355550980797,690,690,8.492730972308811,9.552677821784124,6.863599299603924,13.108567552744049,5.001748096664795,"(694, 685)","(688, 690)","(685, 672)","(678, 677)"
60,1.0059417134427922,0.6439833605919246,21.79152304710432,-0.6621206021197327,690.81311923953,752.4642495501757,690,750,11.239118779625416,11.66485014845346,9.493306378726759,18.406568059434765,6.016221816236046,"(701, 758)","(691, 764)","(689, 740)","(680, 746)"
61,1.2562331044965094,0.5370783166406095,14.105169129869143,-0.6926569229737968,693.5521326606226,816.6742868762556,690,810,7.056042995711176,4.364155620691125,6.709814320086773,13.41305117788654,2.1831478528224393,"(699, 822)","(692, 824)","(694, 808)","(688, 811)"
62,0.8951040371508957,0.5077787188408501,24.251223515011752,-0.47882141098202924,693.4886189452158,864.2526491226488,690,870,15.023950975116442,15.167628057539945,11.722800638999933,18.92260291511678,9.396544475548714,"(706, 869)","(695, 878)","(691, 850)","(680, 859)"
63,0.8074091727698516,0.5494297811931553,19.130391409412947,-0.7493044371735359,689.4405400836175,926.0522875211757,690,930,9.042844722293417,13.226228824570544,6.533440610065924,13.82167669124987,6.251975245172626,"(699, 929)","(692, 936)","(686, 916)","(679, 922)"
64,0.7008244778135491,0.5903143008696564,12.151168690348594,-0.6841395191120119,741.8436807134253,27.063737589329747,750,30,6.130558374068112,9.287269270648483,3.953278696443475,7.8356576007235255,4.685651878458624,"(748, 28)","(744, 33)","(739, 20)","(735, 25)"
65,0.8188081644570969,0.6459681334208426,18.237201925404065,-0.4657195910935718,751.5017931845736,83.00994832355474,750,90,11.44718649187987,12.45768907436509,8.360249067854488,13.31921608032569,7.819482981841905,"(761, 85)","(753, 93)","(749, 72)","(741, 80)"
66,1.1359567786990017,0.4549391488660783,23.563328055599786,-0.5585456053038542,750.9197332920305,153.89877379220022,750,150,13.479176353299309,9.92640272874558,12.224772481676203,21.3704692957962,5.678303702215608,"(761, 161)","(749, 167)","(752, 140)","(739, 146)"
67,0.9169680490270501,0.5825588303612836,17.991347166509044,-0.49153692420893097,753.1944810838759,211.47731900544287,750,210,11.005047213285295,10.942869773354191,8.735378920441267,14.280832398332537,6.693595392832524,"(763, 215)","(754, 221)","(752, 200)","(743, 207)"
68,0.7145360999263943,0.6289394198216366,22.39670150339889,-0.672686641679482,747.907910395587,269.5340136129318,750,270,11.429835114515475,16.918407865161363,7.4895944329600335,14.675820710965239,8.63406659545692,"(760, 272)","(752, 281)","(743, 257)","(735, 266)"
69,1.0124892150768467,0.4194830749055612,12.402621966979194,-0.606740752022167,753.0009865498774,327.79717900846674,750,330,6.760975248551935,6.5703029920654235,5.734342355504745,10.519322708627726,3.581634272423162,"(759, 331)","(753, 334)","(752, 320)","(746, 324)"
70,1.0097344800276922,0.5819265842042203,19.432015421330153,-0.7026719663788316,757.2158982484757,389.3170256361491,750,390,9.623904147874454,10.339494678967272,8.148469130384763,16.45290470155408,5.120740364306875,"(766, 394)","(758, 400)","(756, 378)","(747, 383)"
71,1.1274955321453162,0.6244240510602879,26.0321838847964,-0.648251613764314,749.3957758400784,451.5429733520998,750,450,13.613772994704009,11.165816432915468,12.297876565243733,23.515933772620816,5.83926768844871,"(761, 460)","(748, 466)","(749, 436)","(737, 442)"
72,0.954274802923855,0.4687749594527275,18.546645004668836,-0.6825477298149721,752.5580284040136,510.04674241261796,750,510,9.372137394090025,10.723681163287495,7.646676718096191,15.132108354005414,5.41897541077889,"(761, 514)","(754, 520)","(751, 499)","(743, 505)"
73,0.8486830675396427,0.5824416650957922,16.60316846944629,-0.7842080013452473,745.7483898091923,569.0637415418308,750,570,7.579032458100088,10.974228786256745,5.687386299505653,12.459193624456974,5.0095279299680575,"(754, 572)","(748, 577)","(743, 560)","(737, 565)"
74,0.9764333106599888,0.5806241384402596,16.103422144122277,-0.7082428775700532,748.5833290246698,627.8249049939831,750,630,7.931077694582061,9.017612425909398,6.570940426841909,13.341771654765049,4.441253798691511,"(756, 632)","(749, 636)","(747, 618)","(740, 623)"
75,1.0791414166052817,0.5803138843285026,23.116724157381203,-0.7877248382435569,753.5171809848413,693.7555211988395,750,690,10.515301760357076,10.913068541164643,9.269793784907206,20.378613073128758,4.964120697229707,"(763, 701)","(754, 706)","(752, 681)","(743, 686)"
76,1.0606903534489542,0.5750066377280288,24.016011323768648,-0.49208937345074505,744.507508105476,755.5252027534481,750,750,14.6821338896007,11.726291407894118,12.812992078488787,20.958599421729797,7.168841576485353,"(756, 762)","(743, 769)","(745, 741)","(732, 748)"
77,1.1183865563048065,0.6351089047111279,21.76569957798284,-0.5633059483744048,756.6918120444227,807.5873101717026,750,810,12.391730666977633,9.51453036534072,11.145076982798193,19.575990142161693,5.416848527549564,"(767, 814)","(755, 820)","(757, 795)","(746, 800)"
78,0.9449566506685056,0.5830692517984786,16.664882490391893,-0.830803255853416,745.9114956949071,878.7931313386284,750,870,7.260875432817089,9.761921751568947,5.884732904413762,13.506413000305276,4.25326118344462,"(753, 883)","(747, 887)","(743, 869)","(738, 874)"
79,0.8310405090807933,0.5560987125211417,19.962951058227986,-0.42645711061147845,757.4213359648891,925.7711438233646,750,930,13.032171067654026,13.457176439609231,9.625994034582012,14.745298139625122,8.785085177890434,"(768, 928)","(759, 937)","(755, 914)","(745, 922)"
80,0.9893320928338194,0.477890419116813,20.866407097970445,-0.5284764482689157,808.0307053272609,36.02171624435444,810,30,12.300797549478451,11.460834992764704,10.279276094279664,17.437207530073483,6.756190001089791,"(818, 41)","(808, 48)","(807, 23)","(797, 30)"
81,0.9270490219722611,0.5888931580538627,20.61094005082997,-0.5942106663228734,806.0660410617162,91.74471747896763,810,90,11.377199843034822,12.370623120954253,9.100078985748802,16.485706942021594,6.828560516059342,"(816, 96)","(807, 103)","(804, 80)","(795, 86)"
82,1.0518938478936317,0.4949807759447806,11.37472540338658,-0.54115450170903,804.8653378865927,153.02542431876012,810,150,6.620953034316752,5.641037868941126,5.749397216570322,9.877401974386796,3.2835119504459924,"(810, 156)","(804, 159)","(804, 146)","(799, 149)"
83,0.799851655054766,0.5813987879317997,17.41080604454911,-0.6689381606629795,806.5885744382284,207.4971980426434,810,210,8.918724025015448,12.132078043850498,6.396979155844753,12.487948168487426,6.214683894943935,"(815, 210)","(809, 216)","(803, 198)","(797, 204)"
84,0.8254686217016205,0.5462168672796663,20.60004853297579,-0.6467909420098427,805.5505821936973,266.72386891834157,810,270,10.78873452032216,13.971213837279377,7.928270816995688,15.138268840061313,7.3170564028416205,"(816, 270)","(808, 277)","(802, 255)","(794, 262)"
85,0.8642532270054645,0.544993565784052,18.019941304265902,-0.6934508109841867,807.3817620636075,334.4980693573418,810,330,9.00723536620047,11.698695463114186,6.850999277507709,13.706159530317013,5.847571961226417,"(816, 338)","(809, 344)","(804, 324)","(798, 330)"
86,0.6755173544950849,0.6797380783863021,27.29149363854795,-0.7058386683288187,823.2614498951515,384.4410947622086,810,390,13.473656342444533,21.297832778625093,8.425092607997573,17.06540195707754,10.514619811527208,"(838, 387)","(829, 398)","(816, 370)","(808, 381)"
87,0.8681031262439166,0.4601146220024641,19.607944654975274,-0.7023765357643067,807.8635111268615,448.66063217797546,810,450,9.71390425890205,12.67212878069453,7.412723160094576,14.962909000527498,6.277855629346128,"(817, 453)","(810, 459)","(805, 438)","(797, 444)"
88,1.3176180227066228,0.5295567235334199,25.572536678117977,-0.8136397130184274,812.747394380686,511.2616507230109,810,510,11.334818558137584,6.40546531811478,10.973478192260288,24.757315004097638,2.8391703206901986,"(821, 522)","(810, 525)","(815, 497)","(804, 500)"
89,0.9345590536870058,0.5094981324767032,16.209854004139615,-0.5086701259911526,816.9281102639646,572.9649867263943,810,570,9.746899195392617,9.631460073527313,7.8397931967133845,13.038187898921013,5.791345833043625,"(825, 576)","(817, 582)","(816, 563)","(808, 569)"
90,1.012941665930867,0.43705996832920974,20.52305894444801,-0.633636961635317,817.210041827856,625.134252900204,810,630,10.890731636329738,10.86423686310308,9.23961759846026,17.411614107246912,5.76519749954647,"(827, 630)","(818, 636)","(816, 613)","(807, 619)"
91,1.1040912516929373,0.550056654002775,17.51664264987402,-0.5018964975099868,802.9669800929315,697.4682436872994,810,690,10.604250804901232,7.881546477545371,9.470186329988643,15.643337075115323,4.7713421600787225,"(811, 702)","(802, 707)","(803, 687)","(794, 692)"
92,1.120358896484608,0.45603497685738165,23.040252140115516,-0.6624613684809596,808.9902800113672,752.0849070935839,810,750,11.879110184898355,10.030789779391029,10.694249117281588,20.74214249015183,5.17168198968941,"(819, 759)","(808, 765)","(809, 739)","(798, 744)"
93,1.1179164658901115,0.5629245450410925,19.2243231382992,-0.5853995683613037,815.862574583152,813.3724977669208,810,810,10.705704594153802,8.411735029756318,9.62647032786049,17.28633315411098,4.684354799127344,"(824, 819)","(815, 824)","(816, 802)","(806, 807)"
94,1.024601968758975,0.5674993343488658,20.25816051362732,-0.6311230301262639,807.4473557003663,877.3978136882713,810,870,10.777220251377999,10.52287962467497,9.209215579215563,17.310750180176754,5.598109034508477,"(817, 883)","(808, 888)","(806, 865)","(797, 871)"
95,1.1317925228975456,0.6780305164192236,24.789966223655732,-0.6939363006463084,818.1329113038407,929.3448564063017,810,930,12.385205839912388,10.536676270121559,11.210785302957504,22.43927090055845,5.26418242351003,"(829, 937)","(817, 943)","(818, 915)","(807, 920)"
96,1.165254054008154,0.47078287846773764,19.7812639099111,-0.8603083023432442,867.4581976186021,30.253277782097236,870,30,8.368100524258532,7.804047003262803,7.689352145182266,18.17677782898873,3.3013588068364825,"(875, 37)","(867, 40)","(867, 19)","(859, 22)"
97,1.0394170697120197,0.6135409355356447,12.541157587359876,-0.6196929329061984,874.6982300614067,88.75847573585311,870,90,6.748517894768919,6.354891650976147,5.817957943650674,10.811844696227737,3.4196285093454737,"(880, 92)","(874, 95)","(874, 81)","(868, 85)"
98,0.8999067655050593,0.6279375675922976,19.89658060934955,-0.5302534045315008,870.8955626018876,145.38728125197179,870,150,11.708258924453716,12.369365896253598,9.170715682649865,15.584373817030407,7.278825517214295,"(881, 149)","(872, 156)","(869, 133)","(860, 141)"
99,0.8485737311358877,0.5619868120592231,21.078699621682585,-0.5674973625840827,871.2982264759836,214.58426537592524,870,210,11.950411003810013,13.934158743742392,8.966851410368504,15.816156228531286,7.899867020675462,"(882, 218)","(873, 226)","(868, 202)","(859, 210)"
100,1.0180285486891643,0.5782929912002464,22.26039444244445,-0.6729956331072731,879.1562958486473,276.5480129610598,870,270,11.356763077961352,11.687704850555892,9.665452323778107,18.945255766537016,5.962809655331839,"(889, 283)","(880, 289)","(878, 264)","(868, 270)"
101,1.0816640363435421,0.6371833192973199,16.161146234124814,-0.8826973346280435,867.3508493266763,332.1055286544924,870,330,6.685310430029548,7.593477825258412,5.901396898805574,14.266104658177559,3.141160643556744,"(874, 337)","(868, 340)","(866, 323)","(860, 326)"
102,1.1026176485762804,0.48632754836552844,18.642627341928613,-0.6461042556824063,864.5750227519959,390.66490478737376,870,390,9.770293391719155,8.412703751043107,8.718928344725294,16.636525172259066,4.408959228640797,"(873, 396)","(864, 401)","(864, 380)","(856, 384)"
103,1.1202433353498293,0.5835536256279685,23.107304567170434,-0.6037465507765852,869.282770321844,454.820898243468,870,450,12.634134417861727,10.062385576273401,11.373329071618448,20.801344208352994,5.501703219665426,"(880, 462)","(868, 467)","(869, 441)","(858, 447)"
104,0.9343327320945528,0.5750555028674436,13.849823781526165,-0.4924641387342997,862.3447053804779,511.8501256053844,870,510,8.463885697385859,8.231714468938446,6.80667941751532,11.138065167756794,5.030554284130746,"(869, 514)","(863, 519)","(861, 503)","(854, 508)"
105,1.130325479155194,0.5726445290841207,17.207692513989183,-0.9008090173640758,870.4568220006356,575.4822726272308,870,570,6.990467992065355,7.336765011896032,6.323234885007116,15.565235649235046,2.980493807596198,"(877, 581)","(870, 584)","(869, 566)","(863, 569)"
106,0.923645343525738,0.5319282845647666,18.070418742193706,-0.5676475935312204,865.5850458772716,628.0535450333917,870,630,10.243349688536746,10.894942718376612,8.172193053293842,14.41666593500446,6.175878361928911,"(875, 632)","(866, 638)","(864, 617)","(856, 623)"
107,1.0638015903296343,0.5410008912451706,14.65423395870563,-0.671409594893409,864.1515400367825,688.3764957724106,870,690,7.48813453855358,7.115395817503496,6.546184614463049,12.810843659835015,3.635880341931827,"(870, 692)","(864, 696)","(863, 680)","(857, 683)"
108,0.7995300102552682,0.6130975573184158,20.88032133129538,-0.6111441722215945,877.5576655998917,751.424401659848,870,750,11.332367141624617,14.554498158345293,8.125630968589178,14.971786875883332,7.899156055863044,"(888, 754)","(880, 762)","(874, 739)","(866, 747)"
109,0.7686480149917196,0.49208803687059366,21.49836822385341,-0.6478413912534857,878.4173213284852,813.7211063400408,870,810,11.247384856576678,15.454127314396283,7.818777026647047,14.944891610139596,8.085195849175626,"(890, 817)","(882, 825)","(874, 802)","(866, 810)"
110,1.1484877530509905,0.4715236412507976,20.093885520476697,-0.9606665422167151,870.5980965085001,877.2780265580467,870,870,7.688679279721032,8.235826559753875,7.013191614196465,18.32854048165526,3.1513381997138765,"(878, 884)","(871, 888)","(869, 866)","(862, 869)"
111,1.037473166624093,0.45078444282699354,24.697948233614248,-0.7661883508301892,872.3208511988402,929.5037837326385,870,930,11.47914397976246,12.556382314818448,9.884947338684018,21.26795500546312,5.835971437520961,"(883, 937)","(873, 943)","(870, 915)","(861, 921)"
112,0.7209279913335083,0.6120416482915981,21.77542406920572,-0.7054113869407617,937.1909360843115,24.791874577827805,930,30,10.754998364574458,16.35755706957392,7.099181445154936,14.373566714958955,8.079084888201582,"(948, 27)","(941, 36)","(932, 13)","(925, 21)"
113,0.8851160269463062,0.48879002287254636,23.455363964803002,-0.6564354185302945,928.2438732811908,99.13046188671481,930,90,12.166226469882485,14.851929478284775,9.416518896340923,18.154181047170233,7.703650978031361,"(940, 104)","(930, 112)","(925, 86)","(916, 93)"
114,1.0124111930659228,0.6437300343694704,21.43428517527001,-0.6687434542869012,937.762651619185,148.89034676366578,930,150,10.981898173912196,11.356255146192565,9.313877434090157,18.178670194196677,5.818399663560606,"(948, 155)","(938, 160)","(936, 136)","(927, 142)"
115,0.9707128335082607,0.6443765522252584,17.651831548601066,-0.7852663706348254,927.1539374676561,210.91562006153072,930,210,8.049203784812054,9.968190178225788,6.642915061612812,14.567853019265085,4.545476988571204,"(935, 215)","(928, 220)","(925, 201)","(918, 205)"
116,1.0235663413926195,0.6058623051214327,11.468038888749435,-0.7758497743746618,931.2640196346637,279.2658430857471,930,270,5.278881112270406,5.967092670565115,4.508001356475318,9.793350857329552,2.7467270646174375,"(936, 282)","(931, 285)","(930, 272)","(926, 275)"
117,1.0308729746194008,0.5818891167880412,17.350963783507673,-0.7912214469355405,925.0231115918665,340.7890402987434,930,330,7.865032017583415,8.919614266304473,6.746216161373796,14.882755979889364,4.043178964828449,"(932, 346)","(926, 350)","(923, 331)","(917, 335)"
118,0.47765341443150977,0.608753158097635,17.55885504561783,-0.6700388281414277,930.8187599162551,397.93665662719286,930,390,8.984667878225258,15.593599229004106,4.130220346572847,8.071744148461425,7.979068665625608,"(940, 397)","(936, 405)","(925, 389)","(920, 397)"
119,0.7954559886581416,0.4731018690552356,16.934968619627636,-0.3369706730503583,926.38057020065,450.3617655273175,930,450,12.090378369745698,11.853786740554359,8.634740913353804,12.094664197786992,8.462771324032605,"(936, 452)","(927, 460)","(924, 440)","(916, 448)"
120,1.094309216137616,0.5490063301379388,17.61225176598971,-0.5919148250433016,929.741197793681,505.29666765119487,930,510,9.74427524187177,8.078042751165299,8.658876263564578,15.650451673320916,4.469313352365561,"(938, 510)","(929, 515)","(930, 495)","(921, 499)"
121,0.7810756902003694,0.6090299993975034,22.966274238825775,-0.34172763908489456,927.1835188412869,565.8820753749013,930,570,16.31849558959857,16.309651597329058,11.48893458274417,16.169261491691394,11.58868760736836,"(941, 568)","(929, 579)","(924, 552)","(913, 563)"
122,0.8874018271665892,0.5436665341787563,14.996189069224517,-0.6221040724771912,936.3463659950623,629.4074788934759,930,630,8.050160541652946,9.469026667057205,6.2423666223111125,11.628551955359203,5.083103746633763,"(944, 632)","(937, 637)","(934, 621)","(928, 626)"
123,0.8865651346932828,0.5536059156755332,19.45898136543053,-0.5927718938892482,931.4639599530609,694.8998357015907,930,690,10.756786271333462,12.29958322608657,8.335489855596693,15.078866278495296,6.7991219840794646,"(941, 699)","(933, 705)","(929, 683)","(921, 690)"
124,1.015600769219791,0.6261249572588801,19.597189117946623,-0.4464754697864261,936.1805843571086,749.7772091687756,930,750,12.539838719220022,10.32986445145402,10.65632204238208,16.653639894604186,6.609868049597623,"(946, 754)","(936, 761)","(936, 738)","(925, 744)"
125,0.8255945598593455,0.48972331244195133,16.44363781393764,-0.5875084423473788,938.0265072348259,807.8593729542579,930,810,9.137896356306287,11.150761533966357,6.715906934206123,12.085269619192458,6.1965913105253145,"(946, 810)","(940, 817)","(935, 798)","(929, 804)"
126,1.1041314958537476,0.5628819044409158,14.364768265719368,-0.6526570285038511,930.9382093334383,884.9023477452114,930,870,7.479167821069518,6.462856354040205,6.679448670572756,12.828797881129017,3.3649541977426063,"(937, 889)","(930, 892)","(931, 876)","(924, 880)"
127,1.1327112478152332,0.5524474360860601,17.923966180936855,-0.7321725453027058,931.5030107109438,925.3730563944971,930,930,8.618974971760121,7.603456815460493,7.805047623765345,16.231327983587647,3.656222251803398,"(939, 931)","(931, 935)","(931, 915)","(923, 919)"
128,1.5709550994509507,0.6252621885952894,30.547244085169133,-0.5935250016782275,37.1033778581824,747.8171636204468,30,750,16.873586493331512,-0.00485006705815686,16.873586280650446,30.54724370014012,-0.0026790641334483115,"(45, 763)","(28, 763)","(45, 732)","(28, 732)"
129,1.8508659573340782,0.5305905737863666,29.04807584797854,-0.654382556143969,20.8890654041054,799.43323415416,30,810,15.098111791635862,-8.029543683666246,14.509831880563222,27.91625223238266,-4.173458813804807,"(24, 815)","(9, 811)","(32, 787)","(17, 783)"
130,1.9136837834949896,0.5018627182084374,26.182602203215392,-0.921134094708369,25.626423447010225,864.2413807399569,30,870,10.422438785395133,-8.80279669331076,9.815725770063908,24.658455517490477,-3.50410585488111,"(26, 878)","(16, 874)","(34, 853)","(25, 850)"
131,1.5938383146234454,0.5458027955131941,23.214299763782858,-0.7500165265360755,31.123967185062924,927.4030662597366,30,930,10.965477530857173,-0.5348562808471538,10.962566691594587,23.20813741517417,-0.2526440422302698,"(36, 939)","(25, 938)","(36, 915)","(25, 915)"
132,1.5564497143394227,0.5100369646702204,21.69979546619462,-0.5719719157870088,85.4445343532135,747.5532412331497,90,750,12.247611264920472,0.31130787648782865,12.246350852475665,21.69756232116219,0.17570570473212985,"(91, 758)","(79, 758)","(91, 736)","(79, 736)"
133,1.7093361700347391,0.5754212249897444,25.208235618895987,-0.3487786491659544,87.93917301261406,812.3823543298947,90,810,17.7856526651646,-3.481184129720009,17.615242908825156,24.966707834089018,-2.4561469803254328,"(95, 826)","(77, 823)","(98, 801)","(80, 798)"
134,1.611853205522443,0.4713094123190314,20.840470778148063,-0.6414685650969923,85.63939728738383,863.9183688641216,90,870,10.972896104250298,-0.8554043129146957,10.963649077286286,20.82290819545364,-0.4503863061760764,"(90, 874)","(79, 874)","(91, 853)","(80, 853)"
135,2.057443557238022,0.5340250918476288,27.54657496596897,-0.5831946158145545,88.01821636555711,933.4964620778313,90,930,15.374089484235258,-12.882568700506564,13.589246813010936,24.348577289699637,-7.189923401841309,"(88, 949)","(74, 942)","(101, 924)","(87, 917)"
136,1.8445383527206982,0.5445992838314246,23.620570166976197,-0.4983231150633701,149.0191897942636,745.9857688532358,150,750,14.3506442199638,-6.385490845623053,13.81631283573071,22.74108268472524,-3.8794959921622865,"(152, 759)","(138, 755)","(159, 736)","(145, 732)"
137,1.7845283498974047,0.44156294414863295,25.74426822878672,-0.6311050944669842,152.8758941433925,809.6536279951475,150,810,13.696042394787785,-5.4605774387084915,13.384404404301526,25.15848645430772,-2.905046647119161,"(156, 823)","(143, 820)","(162, 798)","(148, 795)"
138,1.7819652576932141,0.5492552625015649,30.069957256078602,-0.8161006908198417,153.3394868234819,871.9999821892192,150,870,13.295503358281836,-6.3027534829383765,13.000164643349702,29.402000406701962,-2.78677749307043,"(156, 888)","(143, 885)","(162, 858)","(149, 855)"
139,1.7168894554646654,0.5067746415924398,23.756151859156656,-0.7137983576013736,149.33536469089606,930.1980960401808,150,930,11.63529516312751,-3.458278061210449,11.511348621006125,23.503086265566544,-1.6937964632029583,"(153, 942)","(141, 941)","(156, 919)","(145, 917)"
140,1.5391854143277268,0.587678188279007,33.8024440068845,-0.3788296777321492,208.35301539183294,750.2892720585947,210,750,23.143256218524794,1.0683481534894321,23.13169423442524,33.78555687067327,0.7314576141819231,"(220, 766)","(197, 767)","(219, 733)","(196, 733)"
141,2.0232423651904807,0.4397590699397836,29.949933051765893,-0.5586606223571894,203.9852013844563,810.6766948603546,210,810,17.130602207724824,-13.09311516088724,15.406929018431645,26.936384783207338,-7.488929844798625,"(205, 827)","(189, 820)","(218, 800)","(202, 793)"
142,1.7731749647605266,0.5534971593930444,24.030197766361052,-0.6595599982333967,209.81642439522403,868.9291197407076,210,870,12.425505825535105,-4.8300695141119885,12.171916700352902,23.539771306860008,-2.497526548422843,"(213, 881)","(201, 879)","(218, 858)","(206, 855)"
143,1.5404960483315142,0.6103036800237591,21.52196043283883,-0.7502776485541781,213.97505464894985,934.1232581225969,210,930,10.163432003907985,0.6520216125843147,10.158766802455851,21.51208145878504,0.3079076994523133,"(219, 944)","(209, 945)","(218, 923)","(208, 923)"
144,1.6714397694312852,0.6278123786162502,24.038739295682976,-0.6929149185807418,272.4748601068915,747.7423146041851,270,750,12.02216161464599,-2.415259254378927,11.961326137487614,23.91709659762133,-1.20791014621251,"(277, 760)","(265, 759)","(279, 736)","(267, 735)"
145,1.8219281226667259,0.5710352925882967,30.000504399637027,-0.6853516530735876,270.34582063862655,804.8095885418775,270,810,15.117644049345605,-7.455137692776061,14.64343062246179,29.05944229014711,-3.7567407693189234,"(273, 821)","(259, 817)","(281, 792)","(266, 788)"
146,1.7485129569256606,0.6134541905349844,26.25461894171134,-0.6397690906066356,268.8752780118935,865.6204268306739,270,870,13.847058710900054,-4.641360576285542,13.628966406233452,25.841106550907803,-2.447919451467521,"(273, 879)","(259, 877)","(278, 853)","(264, 851)"
147,1.93251802270951,0.47011891441210923,28.976704353649758,-0.6402857222492953,270.47711495348784,925.7569512450993,270,930,15.274831696588125,-10.254422182297947,14.286380959212554,27.10159074493637,-5.4055344275420385,"(272, 942)","(258, 936)","(282, 914)","(268, 909)"
148,1.5398985705769357,0.5121216776093449,25.347238845156536,-0.7590440844850669,335.14404094490783,746.6145779495054,330,750,11.86538951579196,0.7830482004787516,11.85972619271428,25.335140666456528,0.3665555828419449,"(341, 759)","(329, 759)","(340, 733)","(328, 734)"
149,1.8118271073123524,0.525765162900654,25.34074514366679,-0.7646276198798418,328.70827307965817,812.0511279363816,330,810,11.796300441519532,-6.048930544636799,11.455298174384646,24.608206023650567,-2.8158209890782646,"(331, 825)","(319, 822)","(337, 801)","(326, 798)"
150,2.141899211157639,0.5503011062341593,25.610344167958505,-0.6534916820663023,336.68738821972283,864.6180489124612,330,870,13.3231704274152,-13.84393378413844,11.208854046737567,21.54611857810303,-7.201976200799735,"(335, 878)","(324, 871)","(349, 857)","(338, 850)"
151,1.783486113662799,0.5440606560453422,21.575120652892284,-0.5192585633471047,328.1896928956355,931.0050209525639,330,930,12.836366378218214,-4.554288708053352,12.547120230549123,21.08896122502379,-2.709626490126622,"(332, 942)","(319, 940)","(336, 921)","(324, 919)"
152,1.8967047691898282,0.634266449983875,28.7086933873444,-0.7747342807046523,392.6106411662551,746.0794480441466,390,750,13.229718515558869,-9.19164915802238,12.533309596226905,27.19747528290776,-4.235752892467609,"(394, 761)","(381, 757)","(403, 734)","(390, 730)"
153,1.202372233723526,0.5785090983409884,29.015068385639474,-0.5846676202366827,390.02888390364575,812.6706506966843,390,810,16.169838312458953,10.449652764715667,15.084778451329178,27.068042975438868,5.823498100401532,"(402, 823)","(387, 829)","(392, 796)","(377, 802)"
154,2.0183356591248343,0.5591855822817686,21.98174037050619,-0.3575446050594664,388.25526855532655,874.0180992213444,390,870,15.373842410948608,-9.51256557809733,13.859744634534328,19.816861654629864,-6.6530075260876576,"(390, 887)","(376, 880)","(399, 867)","(386, 860)"
155,1.645209370569836,0.6327926388309281,23.072499151198194,-0.8858180596997537,390.0677567258731,928.7378679139748,390,930,9.514560749414931,-1.7153108339799499,9.488230408923087,23.008648935234604,-0.7073541980468239,"(393, 940)","(384, 939)","(395, 917)","(386, 916)"
156,1.6323334776282175,0.4913223372935039,21.895981786163084,-0.6007136695974554,449.42239287464116,750.5330268496463,450,750,12.0081966443231,-1.3465660907576513,11.985467373113131,21.854536786287813,-0.7384839177484904,"(454, 761)","(442, 761)","(456, 739)","(444, 739)"
157,1.6524189887557623,0.7122645074761197,23.512217355936112,-0.6953475968386797,451.8839538866678,807.1506520596092,450,810,11.730268784745363,-1.9169995223518534,11.691215429860792,23.433938589662773,-0.9563929814445365,"(456, 819)","(445, 818)","(458, 795)","(446, 794)"
158,1.7700544013332546,0.55444535116818,25.428875484877445,-0.6070935521345513,453.8342848421307,864.7714158812789,450,870,13.85701782267169,-5.033446027060803,13.582838792991133,24.92573227646616,-2.7428877595439496,"(458, 878)","(444, 875)","(463, 853)","(449, 850)"
159,1.9654746968306427,0.5937810723412057,21.30487595968178,-0.8431763739379854,456.66456996717244,916.6156638991245,450,930,9.168370678004143,-8.191965670007612,8.463508930022277,19.66696311378153,-3.525342179238681,"(456, 928)","(448, 924)","(464, 908)","(456, 905)"
160,1.8530495418980968,0.21597021675571323,38.545512319703526,-0.5428643143726314,26.506481938864567,25.68639069014607,30,30,22.39808282257184,-10.735711888579,21.511797639634214,37.02027836515874,-6.238323207258155,"(31, 47)","(10, 41)","(42, 10)","(21, 4)"
161,1.8408343819137893,0.20509197327230522,43.782829007819174,-0.6471432685469247,29.27363679128879,91.56136681558614,30,90,22.92202961779821,-11.679862672352858,22.091352345292275,42.19617191029194,-6.114866585246804,"(34, 115)","(12, 109)","(46, 73)","(24, 67)"
162,1.96850428069164,0.0840741665988265,38.53684666492398,-0.8591363073136732,29.735833803848173,147.940574828718,30,150,16.32142288841485,-14.925559911360839,15.04755441604968,35.52908966196912,-6.321388391682319,"(29, 168)","(14, 162)","(44, 133)","(29, 127)"
163,1.919970468997373,0.17441762392237148,37.46580245100585,-0.4996368543189142,26.59614565207897,202.38076356491482,30,210,22.732411555614338,-12.817871606811618,21.360637303663047,35.204950231027006,-7.777255885927049,"(30, 223)","(9, 216)","(43, 188)","(22, 180)"
164,1.7291006861645262,0.23391997857586624,39.00262783502546,-0.6858194546628402,33.58615857659134,273.961518943524,30,270,19.644739048784118,-6.148530094235434,19.39910143669666,38.5149393835403,-3.0968751578933778,"(40, 294)","(20, 291)","(46, 256)","(26, 253)"
165,1.5491035471442764,0.19007571241452303,40.3134065189138,-0.5899074428197271,40.37766576719219,324.7741928753098,30,330,22.348889628507475,0.8744412588699111,22.343631401470475,40.30392161619,0.4847715156973377,"(51, 344)","(29, 345)","(51, 304)","(28, 304)"
166,2.1062512488746608,0.22055093185998081,41.75296333128816,-0.6186064025181645,29.530293974034503,388.2541458859049,30,390,22.492097476599792,-21.303712259797916,19.34402709279571,35.909076720178,-11.476195568656554,"(28, 411)","(9, 400)","(49, 376)","(30, 364)"
167,1.737168305955898,0.14893378724985062,37.85447801766527,-0.8786762686739134,21.807519532480754,453.88295539662107,30,450,15.722188797537946,-6.268910569637625,15.505098013612383,37.33178627202011,-2.6036812734474677,"(26, 473)","(10, 471)","(32, 436)","(17, 433)"
168,1.8616169422654396,0.22728560981900167,40.42498583969883,-0.5964955846927014,86.05146370954877,26.09594522467763,90,30,22.263586923388644,-11.591398932407454,21.328714331121095,38.72749605809332,-6.383827040005967,"(90, 48)","(69, 42)","(102, 9)","(81, 3)"
169,1.6818200965011652,0.17583681376925156,43.3863599733659,-0.5905776799855044,85.93166816409726,89.7974364350084,90,90,24.036353786634503,-4.807027558810709,23.888366508679812,43.119238372069155,-2.663127654327448,"(95, 112)","(71, 110)","(100, 69)","(76, 66)"
170,1.542586814288711,0.23388763033813986,40.92909748959578,-0.5057681378921879,93.84009124839886,156.6596626916421,90,150,24.681972090662555,1.1544367609907873,24.67215207403566,40.91281336058068,0.6961740586254714,"(106, 176)","(82, 177)","(105, 135)","(80, 136)"
171,1.8710584225576445,0.10072890055218467,37.345651866127916,-0.45941283842284336,88.26954277946972,215.5452241181955,90,210,23.589546063397684,-11.04574534274828,22.53412622353715,35.67477012020089,-6.97709386627817,"(94, 236)","(71, 229)","(105, 201)","(82, 194)"
172,1.7151378189387476,0.29485675174812687,42.365062308318954,-0.5594350708613928,87.3572874327849,269.4356930885457,90,270,24.212982337288675,-6.09382449754606,23.96118767743165,41.92450127766405,-3.4828147743959867,"(96, 292)","(72, 288)","(102, 250)","(78, 246)"
173,2.0181329574986893,0.2843727283147203,36.223139510343536,-0.6528101187904274,92.10054766079209,322.3396340503782,90,330,18.857071865669113,-15.668890272518404,17.001580895725404,32.65886883548769,-8.156923831513605,"(92, 342)","(75, 334)","(108, 310)","(91, 301)"
174,1.726173255174692,0.32205476041852643,37.722882681415484,-0.5814873366868006,86.59868009694137,392.4446482284105,90,390,21.089589736485607,-5.837710322977777,20.8355291504807,37.26844531209794,-3.2636666914297585,"(94, 412)","(73, 409)","(99, 375)","(79, 372)"
175,1.9381776783191385,0.2009930143967762,39.37870554634723,-0.7013848947078561,84.79503593515459,447.1756762732534,90,450,19.527823741709486,-14.14375825066125,18.224753379840134,36.751007510716896,-7.013862297712888,"(86, 469)","(68, 462)","(100, 432)","(82, 425)"
176,2.1191683813007285,0.1680582094912851,39.87155737987406,-0.6741305519080305,150.00395720725353,34.73692448685402,150,30,20.318517658430242,-20.78498997150767,17.33930074966701,34.02536230197873,-10.592016302316505,"(148, 57)","(130, 46)","(169, 23)","(151, 12)"
177,1.6716661849672716,0.19956597783919022,45.540851563521194,-0.6822367905982006,150.44512244693513,84.2645190071306,150,90,23.020220206038953,-4.585913260063781,22.903207228278085,45.30936504412573,-2.3181106516028374,"(159, 108)","(136, 105)","(164, 62)","(141, 60)"
178,1.6640235653498963,0.19762997630191695,40.543666361335326,-0.7176721357935247,153.28470014814752,151.64284769066563,150,150,19.78071432932913,-3.774301231553548,19.694816330939545,40.36760498509624,-1.8414312555954282,"(161, 172)","(141, 170)","(165, 132)","(145, 130)"
179,2.10058014555337,0.22842415855425988,44.76872369342865,-0.417470937579358,146.8259733629846,213.1516522613456,150,210,29.489634425463564,-22.623731558048455,25.44708732313602,38.63166306966246,-14.90249258735517,"(148, 239)","(122, 225)","(170, 201)","(145, 186)"
180,1.6326360797072683,0.2141026868600504,39.136910041677,-0.5875243843289265,157.05144823114458,264.5559041987479,150,270,21.74843124396052,-2.4186745942423666,21.70685980798235,39.06210108042685,-1.3440605826667924,"(166, 284)","(144, 283)","(169, 245)","(147, 244)"
181,1.936627085835255,0.07935289911151669,42.960271361910856,-0.6097901247353079,149.87705554005512,323.49532200783943,150,330,23.34740030782727,-15.367971792624012,21.802430452465217,40.117457028956,-8.351953513960098,"(153, 347)","(131, 339)","(168, 307)","(146, 299)"
182,1.6310990385159023,0.1652884151344544,46.3977691709554,-0.7908598618265212,142.88223072415025,388.4279212866991,150,390,21.039287390807328,-2.796215878385045,21.001045170038413,46.31343391288026,-1.2679572859487611,"(151, 412)","(130, 410)","(154, 365)","(133, 364)"
183,1.745476226257439,0.23747980742527566,39.790716452077625,-0.596876500839878,151.449093424444,452.8277900583779,150,450,21.905924585830217,-6.915344689075324,21.5725650571133,39.185190105458446,-3.807094537399209,"(158, 474)","(137, 470)","(165, 435)","(144, 431)"
184,1.3824021879570056,0.09865782324346391,36.1586175338714,-0.4383285808364682,206.16702005619732,31.27872160334774,210,30,23.32642229237363,6.771846988178659,22.913690407013473,35.518835993448434,4.36861178106776,"(221, 46)","(198, 51)","(214, 11)","(191, 15)"
185,1.6659812922249866,0.22293681729850578,39.025609491418,-0.6040910525184632,206.89902986713122,89.38118464142286,210,90,21.33026661069793,-3.70904459738403,21.233711541898067,38.8489534524583,-2.0272562341548572,"(215, 109)","(194, 107)","(219, 70)","(198, 68)"
186,1.822233275064442,0.19973696733618812,45.16992908854206,-0.5047013647176045,204.13327659926117,154.66570174988317,210,150,27.268446150875626,-11.23809679131455,26.41101480757206,43.74960199102346,-6.784279793567859,"(211, 179)","(185, 173)","(222, 136)","(196, 129)"
187,1.7470107648941164,0.3215013670255593,40.29666902031375,-0.6891127117514914,210.4928809971822,202.5028274705819,210,210,20.22978653462401,-7.06416316910588,19.916515529883515,39.672649682784765,-3.5463604419691643,"(216, 224)","(197, 220)","(223, 184)","(204, 180)"
188,1.817693544348171,0.18090478164089693,39.68940481186764,-0.6853688182221935,202.6296080890305,270.8823323384187,210,270,19.9996635825224,-9.699949587583642,19.39318172743533,38.48583937396505,-4.887846755038577,"(207, 292)","(188, 287)","(217, 254)","(197, 249)"
189,1.7850940807731492,0.17150575812485436,37.276158610567244,-0.853169341386016,212.33693612780272,325.29584762056044,210,330,15.881971556747926,-7.927196273269282,15.51868695310352,36.423502851939325,-3.37748068549988,"(216, 345)","(200, 341)","(224, 308)","(208, 305)"
190,1.9253708999756214,0.19056643514074206,44.28028503786718,-0.5794960912442995,215.3275558480871,397.5086017794492,210,390,24.80495554928002,-15.373735652682068,23.261945385790163,41.525797946773,-8.612068083234908,"(219, 422)","(196, 413)","(234, 381)","(211, 372)"
191,1.8405738829522056,0.1491481277694975,50.86026015792196,-0.6060749539712886,204.269145450089,452.9019738266997,210,450,27.74364822464747,-13.555126254875576,26.74016616376796,49.020654988952224,-7.394155147619215,"(210, 481)","(184, 473)","(224, 432)","(197, 424)"
192,2.1222154475351163,0.21913216633338628,43.45122846697178,-0.4619300507851233,276.9900040512469,23.49388214974127,270,30,27.37715957595489,-22.763948141126253,23.319369207462355,37.010970269868544,-14.342799106637282,"(277, 49)","(253, 34)","(300, 12)","(276, -2)"
193,1.6750544015322713,0.1690683015530259,38.88295405835013,-0.6038344853270133,268.68341167132763,90.4036005828753,270,90,21.257748628497914,-4.046521845587366,21.142320076301708,38.67182148873972,-2.2122790383707707,"(277, 110)","(256, 108)","(281, 72)","(260, 69)"
194,1.8790117791424676,0.16322730492221496,41.90088533214852,-0.5941444160947205,271.39026724821656,154.83146393691445,270,150,23.130741652495665,-12.710996718917299,22.04073887292152,39.926366651994925,-7.016910953559561,"(276, 178)","(254, 171)","(288, 138)","(266, 131)"
195,1.4888181486281122,0.18988747052325294,31.46071540442892,-0.6126241947489666,274.99090471203226,208.6448863023126,270,210,17.04940733561149,2.576204338755355,16.992149809139008,31.35505995789913,1.396114379046397,"(284, 223)","(267, 225)","(282, 192)","(265, 193)"
196,1.5315334446106044,0.1541008740324257,40.47821675692943,-0.6443266611268311,262.0102052982635,265.9472914257059,270,270,21.251708888823956,1.5888831519878317,21.23533045297182,40.44702068323811,0.8341889764356275,"(273, 285)","(252, 286)","(271, 245)","(250, 246)"
197,1.6160653792404118,0.1319646040852942,42.071722884423906,-0.6965427143094801,275.3167996599827,328.4464852121416,270,330,20.964554595648323,-1.9038966024311745,20.943077068083177,42.02862172604533,-0.9487214102400138,"(284, 349)","(263, 348)","(286, 307)","(265, 306)"
198,1.8259376072183071,0.2412307431484112,40.185516309006,-0.6237238654849935,269.8572295762872,381.58242587415907,270,390,21.537223730456756,-10.142105718854964,20.84001315768132,38.884616657605825,-5.43561014085991,"(275, 403)","(254, 398)","(285, 364)","(264, 359)"
199,1.8927894832913927,0.15588412961959722,39.43281805481998,-0.5267910895514613,272.97375471606495,447.7018828189756,270,450,23.28495224636198,-12.478827158208002,22.08825827819028,37.40622959481625,-7.368707305309144,"(277, 470)","(255, 462)","(290, 432)","(268, 425)"
200,1.5907956874977693,0.21638193594235336,40.61104695085621,-0.6787991535491704,319.14102400641406,32.12205711049552,330,30,20.598967814206826,-0.8121408347039886,20.59484842132406,40.60292553141035,-0.41193872531566983,"(329, 52)","(308, 52)","(329, 12)","(309, 11)"
201,1.5997736996937089,0.18347847532097716,43.410710006981965,-0.4945174398278383,324.23743007002275,88.8706637099809,330,90,26.474678428705232,-1.257752294481959,26.463563969716173,43.3924855531002,-0.7670592702588934,"(336, 110)","(310, 110)","(338, 67)","(311, 66)"
202,1.5177578807426737,0.1653174894315054,43.49470565147585,-0.5629765316052762,336.0122641232209,150.41875398205053,330,150,24.77072939854902,2.3058101741801016,24.7358965837177,43.433543018606855,1.3131851110043877,"(349, 171)","(324, 172)","(347, 128)","(322, 129)"
203,1.8588879306753865,0.2159945919901926,33.77424910372193,-0.5275305241059338,331.70510852963514,207.53535127436086,330,210,19.928843953187723,-9.596040863463772,19.107533254514344,32.38233935754171,-5.662242862871164,"(336, 226)","(317, 220)","(346, 194)","(326, 188)"
204,1.884985462723157,0.2433019757545349,43.83177613331197,-0.8443406647641277,321.6472540376152,273.111200221866,330,270,18.840680191489895,-13.546008912164954,17.91837775040199,41.68609170397633,-5.822625599495356,"(323, 296)","(305, 291)","(337, 255)","(319, 249)"
205,1.908466790037877,0.13565843556139873,40.19868419610036,-0.7518447947550595,335.51234329461863,326.029003366969,330,330,18.953516259264987,-13.317422393127645,17.883191810884856,37.9286233852592,-6.279110545716089,"(337, 348)","(319, 341)","(351, 310)","(333, 303)"
206,1.872789424658922,0.27255110844897584,43.02390699581188,-0.6697075040572728,334.7011700431254,395.34986658496626,330,390,22.022142705090772,-12.796329501689407,21.025543659006505,41.07688552542005,-6.5499071112950995,"(338, 419)","(317, 412)","(351, 378)","(330, 371)"
207,1.7812035129384247,0.14026956679023264,39.823159654071844,-0.6567757218439959,328.79866374731466,449.10743631420814,330,450,20.64912451342175,-8.317390384850322,20.193727723322397,38.944897766199034,-4.312737391392558,"(334, 470)","(314, 466)","(343, 431)","(322, 427)"
208,1.7934100981615377,0.2172487877011533,39.90335629977183,-0.7077300329169134,392.15116347785255,37.73304036561211,390,30,19.662836956113253,-8.809848939370472,19.177631169255182,38.91868967028583,-4.341154212730205,"(397, 59)","(378, 55)","(406, 20)","(386, 16)"
209,2.0411195982587156,0.17593094331113127,43.47465014713575,-0.7021239188546045,380.83773148073084,83.27539763396334,390,90,21.543067997089388,-19.70160198645059,19.203961235634793,38.75425247096551,-9.762768643548462,"(380, 107)","(361, 97)","(400, 68)","(381, 59)"
210,1.824909745952022,0.2634306353432991,38.77761064461628,-0.731248867884817,388.1726555213532,155.62316807104153,390,150,18.663955807969742,-9.748202635596776,18.064591820633332,37.53232783455886,-4.6918832845409515,"(392, 176)","(374, 172)","(402, 139)","(384, 134)"
211,1.5751483049816097,0.3190839203304493,33.402434461469184,-0.5730212912241813,375.25809323208705,210.2155436547832,390,210,18.832940562347215,-0.14536620729267927,18.83276221737339,33.40211814568833,-0.08196028780102449,"(384, 226)","(365, 226)","(384, 193)","(365, 193)"
212,1.7955830427206523,0.29908404693158647,39.31613287219595,-0.8027521068160723,390.6427607042338,266.7208326565568,390,270,17.61732571550719,-8.763505037892427,17.174103220218953,38.327004624350714,-3.9268745775152794,"(394, 287)","(377, 283)","(403, 249)","(386, 245)"
213,1.8888839054891355,0.2854305893114506,37.43821248291582,-0.5375922203092895,391.1324724433314,323.41656442807215,390,330,21.869646845212298,-11.708825230627184,20.772561821184794,35.56013449966946,-6.839746232087854,"(395, 344)","(374, 337)","(407, 309)","(386, 302)"
214,1.5798823157432023,0.17883299038000913,38.24031840131487,-0.6526662225402208,381.90049011712404,388.5683920166532,390,390,19.910041291918002,-0.347446329744731,19.90921945889957,38.238739943699606,-0.18089992607658548,"(391, 407)","(371, 407)","(392, 369)","(372, 369)"
215,1.8976494386429803,0.21825316743984846,41.6622040611677,-0.9042026571369394,393.22543140364434,443.9179214387034,390,450,16.867550429007927,-13.376248024184322,15.974538196135262,39.45649802035,-5.415568935517402,"(394, 466)","(378, 460)","(407, 426)","(391, 421)"
216,1.6186107980555038,0.20795296507412012,41.17914773472152,-0.6658937544550844,448.9597174103335,30.21683797819549,450,30,21.158426682215676,-1.9682090148121887,21.134244841968584,41.132084331237486,-1.0112935411741413,"(458, 51)","(437, 50)","(460, 10)","(439, 9)"
217,1.8222274381241326,0.12702062846701265,42.2302569766197,-0.766824818817563,452.27860491435825,85.92305621366867,450,90,19.615344356424018,-10.506479441387711,18.998586283005213,40.902426505759216,-4.880107936132328,"(456, 108)","(437, 103)","(467, 67)","(448, 63)"
218,1.543684359334302,0.17033162991791578,40.20004442747212,-0.3890620698671276,454.46506775016337,159.6001152280152,450,150,27.24325672677617,1.0897687776307412,27.23324464256717,40.18527063467451,0.7385278052461656,"(468, 179)","(441, 180)","(467, 139)","(440, 139)"
219,1.7532789349497346,0.06714019073239193,45.37759539436417,-0.596736591454695,450.7912530854885,211.41565868438622,450,210,24.9851562434922,-8.234741100417315,24.570307733342982,44.624154925149206,-4.5340942205189405,"(458, 235)","(434, 231)","(467, 191)","(442, 186)"
220,1.8019124696527462,0.14823702883610157,44.583233771483016,-0.5593966262564014,453.9595904689266,280.9702344402352,450,270,25.48171758779326,-10.212419749984303,24.80419268653274,43.39782501892041,-5.836947523612663,"(461, 305)","(436, 299)","(471, 262)","(446, 256)"
221,1.429697046365512,0.17680844304521962,36.75740259214653,-0.2952604750838688,450.08730982825966,323.9246908117729,450,330,27.359919797421995,5.169250690813328,27.088016939959818,36.39210755942374,3.8476680706388766,"(466, 340)","(439, 344)","(461, 303)","(433, 307)"
222,1.696934361997595,0.31470631583809655,38.23011273999259,-0.8280982340985955,455.62430879010736,391.905883141572,450,390,16.70194638444609,-4.809493773673163,16.569251767295306,37.92637986617682,-2.1011684608553427,"(461, 411)","(444, 409)","(466, 373)","(449, 371)"
223,1.8009756561923234,0.1469295404385232,38.47601679651927,-0.6151352883786623,459.5771479154537,446.90361086061347,450,450,20.798894129792597,-8.778385065857776,20.250333619144307,37.46123094829584,-4.745311932389152,"(465, 468)","(445, 463)","(474, 430)","(453, 425)"
224,1.7035475743296116,0.24807471465940964,44.082759436436874,-0.7906381688029253,33.88769430033648,508.6551890268506,30,510,19.993967333480107,-5.834868131990193,19.81805012809904,43.69489665181793,-2.6464351215216393,"(40, 531)","(21, 529)","(46, 488)","(26, 485)"
225,2.026549547454258,0.19908313309738535,38.56408189262128,-0.5404747689322363,28.36949208427027,563.0681981030457,30,570,22.46248430565842,-16.973547872864668,20.169733170914828,34.627836848818205,-9.88661038961529,"(29, 585)","(9, 575)","(46, 550)","(26, 540)"
226,1.8012955601796843,0.20615233670821498,38.68263590149041,-0.7887916448366618,32.514408818538065,627.9262050559262,30,630,17.57713957183344,-8.837573554427083,17.112267464367473,37.65957532895672,-4.0157362657006495,"(36, 648)","(19, 644)","(45, 611)","(28, 607)"
227,1.9124887655260052,0.19020842224241472,37.085434262392226,-0.7792455875052181,33.621166584974596,686.2066239370525,30,690,17.013015989420122,-12.426667724151814,16.029474976217777,34.94148485258946,-5.700758286673175,"(35, 706)","(19, 700)","(47, 671)","(31, 665)"
228,1.9580493411959852,0.17470811807218048,37.789202521281815,-0.8768102843368704,89.31406301017589,509.7857658205169,90,510,15.724391883739834,-14.270951454548262,14.55999973697532,34.99090984493514,-5.938257974583268,"(89, 530)","(74, 524)","(103, 495)","(89, 489)"
229,1.9858215777072785,0.1709806600733711,36.63158914729536,-0.5681662254064351,92.71239518052035,570.4659167356517,90,570,20.75411902504393,-14.770334338757369,18.99222173535824,33.52179212061271,-8.368331378517258,"(94, 591)","(75, 583)","(109, 557)","(90, 549)"
230,1.9571101147779264,0.1885342941509242,31.316892806697616,-0.5548067990674977,82.97300614545411,625.4788043730267,90,630,17.981633199914434,-11.799467036765119,16.65646285743725,29.008970211203334,-6.775055543320534,"(85, 643)","(68, 636)","(97, 614)","(80, 607)"
231,1.5483733334585763,0.26741908331339936,43.52160105577216,-0.7005497297276023,85.79835853565078,685.4707077890471,90,690,21.60030988486508,0.9758027949123721,21.594879895673767,43.51066038757892,0.4843030183934193,"(97, 706)","(75, 707)","(96, 663)","(74, 663)"
232,1.4244408352632423,0.2927615203662364,35.746601685574994,-0.4902110927599832,151.61686090275563,514.703084984694,150,510,21.894689396716966,5.213054304450291,21.660616307630978,35.36443972249533,3.1929805749959246,"(165, 530)","(143, 533)","(159, 495)","(138, 498)"
233,1.7775543169176655,0.22226007210139792,34.93676110339148,-0.7623948558374489,143.9319190360659,567.9329914383136,150,570,16.299668101859574,-7.172098651649616,15.952511295411549,34.19266408641558,-3.3461266563812915,"(148, 586)","(132, 583)","(155, 552)","(139, 549)"
234,1.782160911603117,0.19316077965937123,44.65753198124552,-0.626523105067617,138.6404542561873,624.4032092169186,150,630,23.867074602072655,-9.368896174152047,23.335925816827785,43.66370285642212,-5.007176483050317,"(145, 648)","(122, 643)","(154, 605)","(131, 600)"
235,1.8533329213433047,0.1593355933630831,34.70488524165644,-0.6415635035179967,146.73597853151477,678.6062671735598,150,690,18.271033895625944,-9.67546396957673,17.546611975608972,33.32888321876335,-5.093828402344153,"(150, 697)","(133, 692)","(160, 664)","(142, 659)"
236,1.5705567998312218,0.23828604985069718,38.30504422093907,-0.7065494245553725,212.8421380713566,512.3256781458625,210,510,18.897547766733474,0.00917509084793869,18.897547224627402,38.30504312209823,0.004526472194183251,"(222, 531)","(203, 531)","(222, 493)","(203, 493)"
237,2.2281535085871784,0.1243827427927935,37.29012007692835,-0.6873016396261676,209.00714039442036,572.507230565948,210,570,18.754369675849464,-22.785266747106572,14.846143337348959,29.519225508385794,-11.459424503233617,"(205, 592)","(190, 581)","(227, 563)","(212, 552)"
238,1.8807354458169647,0.11159736413063913,41.54509938070607,-0.36120541162284553,211.27831194796937,631.3712504971639,210,630,28.950114456777637,-12.671282601221945,27.570703467416,39.56556431788525,-8.829803926041683,"(218, 655)","(191, 646)","(231, 616)","(203, 607)"
239,2.0708301481307756,0.24810545267854003,34.21285344511592,-0.6868158882316335,208.5451977774303,683.9991971016728,210,690,17.21507609335893,-16.403531152932064,15.107371433281655,30.02404880378007,-8.253858084375063,"(207, 703)","(192, 694)","(224, 673)","(209, 664)"
240,1.4652573391150585,0.15197672798884854,38.36127100234766,-0.6880315789759477,267.2408065485037,512.6449491076824,270,510,19.27900739169769,4.041098000729804,19.171737616595433,38.14782614860324,2.0309118074288195,"(278, 530)","(259, 532)","(274, 492)","(255, 494)"
241,1.5363549348228924,0.26253167849650494,42.01689166256947,-0.757271602005846,272.79945057962215,572.4140123713437,270,570,19.703575522240847,1.4468341542067342,19.691890393346842,41.99197370824954,0.6784844118054044,"(283, 593)","(263, 593)","(281, 551)","(262, 551)"
242,1.9916288478161464,0.23665352137208412,37.24999106812107,-0.6184171451288447,276.5415881636956,629.4714901116914,270,630,20.07016853063431,-15.217384134341009,18.319029362543446,33.99989786283197,-8.199074829658214,"(278, 650)","(259, 642)","(293, 616)","(274, 608)"
243,1.8177547707752966,0.1454342974891845,34.64499403621873,-0.5385739101944931,267.1867868060307,692.0626176385477,270,690,20.218122036483823,-8.469170357272569,19.604712944496065,33.593879877577805,-4.942437561169711,"(272, 711)","(253, 706)","(281, 677)","(261, 672)"
244,1.745306612998392,0.24362282669665114,38.66329370964135,-0.6107503057896999,324.81986384878735,506.803843235636,330,510,20.99197792555427,-6.712948493156539,20.673145130940863,38.07606338641404,-3.644750694082344,"(331, 527)","(311, 524)","(338, 489)","(317, 485)"
245,1.9849094113048669,0.09446180857507866,39.73327107287222,-0.6304806432374778,322.9460514340639,562.0821537337341,330,570,21.151445657705025,-15.987799753082577,19.363589169075595,36.37475895735499,-8.510879384770242,"(324, 584)","(305, 576)","(340, 548)","(321, 539)"
246,1.295835777156636,0.2040213313664067,43.89640277703722,-0.5395296751892642,331.53211652337177,631.0596945282331,330,630,25.592586001824984,11.918267048626157,24.631223785230915,42.24747433068056,6.94861663230048,"(349, 648)","(325, 655)","(337, 606)","(313, 613)"
247,1.4901295671636554,0.2217135795115632,37.3996548963637,-0.7371018241837938,327.2689197785187,685.0023937594214,330,690,17.895685545638592,3.013638134995078,17.837492370439094,37.27803873004057,1.4420218732408756,"(337, 702)","(319, 704)","(334, 665)","(316, 667)"
248,2.048474012581494,0.32124509975469084,39.230212101141156,-0.559977181230935,388.9254414488828,507.2999318674847,390,510,22.409164072589064,-18.034836657518134,19.900792640879374,34.838975418877666,-10.301897237739164,"(389, 529)","(369, 519)","(407, 495)","(387, 484)"
249,1.6194072004703555,0.20177881146773494,42.7150475925549,-0.6098610055320084,393.18628107072556,575.068721525364,390,570,23.21248441467934,-2.0755981115315296,23.1850640667794,42.66458933722012,-1.1279348035529542,"(403, 596)","(380, 595)","(405, 554)","(382, 553)"
250,1.8387096819712905,0.12646717742960348,46.120988216166694,-0.5537309583160547,394.0815798443864,627.8018838395855,390,630,26.510401460346895,-12.209139233467447,25.564652738544833,44.47563909842773,-7.017828435233721,"(400, 653)","(375, 646)","(412, 609)","(387, 602)"
251,2.087511879161689,0.13902869917162916,48.8843831883875,-0.6100440087969008,387.0157658826784,691.3353308107258,390,690,26.560203181272833,-24.150212811540666,23.092674970124758,42.50235453320674,-13.121461647037233,"(386, 719)","(363, 706)","(410, 676)","(387, 663)"
252,1.7809513964698052,0.33088448047009567,39.45201533206996,-0.46052063082504213,448.57175848643385,507.69566412931044,450,510,24.892448910995373,-8.230146474420764,24.344779616887276,38.584014860709644,-5.192852606391262,"(456, 529)","(432, 524)","(464, 491)","(440, 485)"
253,1.3853745656633913,0.2704690336382817,39.419332398677916,-0.36464352225433616,446.257015145208,572.4395178953873,450,570,27.374525200919088,7.267390751474497,26.90528701398354,38.743629133353544,5.046797070511452,"(463, 589)","(436, 594)","(456, 550)","(429, 555)"
254,1.8664040644223445,0.260156951107897,36.93124344073505,-0.7902469908394361,449.9415520340293,631.3617496078288,450,630,16.756913303634594,-10.758857150297441,16.030086748480034,35.32936080511972,-4.881645450227904,"(452, 651)","(436, 646)","(463, 616)","(447, 611)"
255,2.017285043718769,0.2798256129663805,35.66096246350662,-0.8213139332798486,450.6478905375018,683.1496053847634,450,690,15.685593330089604,-15.398444051625678,14.147916349808554,32.1650767854296,-6.773056996347459,"(450, 702)","(435, 695)","(465, 670)","(451, 663)"
